Number,EAN,Product,Price
1,8718475816720,Materac,85.60
2,8718475842521,"Chodzik dzieci?cy, ró?owy.",142.41
3,8718475842538,Chodzik dzieci?cy niebieski.,136.82
4,8718475842545,"Chodzik dzieci?cy, zielony",134.19
5,8718475846178,Rowerek trójko?owy dla ma?ych dzieci czerwono-nebiesko-zielony,182.88
6,8718475846185,"Rowerek dzieci?cy, trójko?owy, czerwono-niebiesko-?ó?ty.",106.47
7,8718475845775,"Le?aczek-bujaczek niemowl?cy, niebieski",128.58
8,8718475845782,"Le?aczek-bujaczek niemowl?cy, ró?owy",128.58
9,8718475845799,"Le?aczek-bujaczek niemowl?cy, zielony",127.10
10,8718475852308,Wózek spacerowy dla dziecka czerwony,148.41
11,8718475852315,Wózek spacerowy dla dziecka niebieski,145.67
12,8718475852322,Wózek spacerowy dla dziecka czarny,145.67
13,8718475852339,"vidaXL Wózek spacerowy, 5 pozycji ustawienia oparcia, czerwony",178.20
14,8718475852346,"vidaXL Wózek spacerowy, 5 pozycji ustawienia oparcia, niebieski",178.20
15,8718475852353,"vidaXL Wózek spacerowy, 5 pozycji ustawienia oparcia, czarny",199.15
16,8718475852360,"Krzese?ko do karmienia dla niemowlaków, Wysokie, Niebieskie",132.67
17,8718475862574,"vidaXL Luksusowe krzese?ko do karmienia, regulacja wysoko?ci, ró?owe",227.39
18,8718475862581,"vidaXL Krzese?ko do karmienia, regulacja wysoko?ci, granatowe",262.52
19,8718475862598,"vidaXL Luksusowe krzese?ko do karmienia, regulacja wysoko?ci, czerwone",267.57
20,8718475862604,"Turystyczne ?ó?eczko dla dziecka, ró?owe",234.92
21,8718475880004,Chodzik dla dziecka Deluxe z funkcj? muzyczn? i ko?yski XXL niebieski,180.06
22,8718475880011,Chodzik dla dziecka Deluxe z funkcj? muzyczn? i ko?yski XXL zielony,180.06
23,8718475925736,"Czerwony quad je?dzik dla dzieci, ze ?wiat?em i d?wi?kiem ",110.53
24,8718475925743,"Ró?owo-fioletowy quad je?dzik dla dzieci, ze ?wiat?em i d?wi?kiem ",124.43
25,8718475925750,Czerwony samochód-je?dzik z dr??kiem do pchania ,116.39
26,8718475925767,Niebieski samochód je?dzik z dr??kiem do pchania ,114.54
27,8718475925774,Rowerek trójko?owy Niebiesko-Pomara?czowy,82.93
28,8718475925781,Rowerek trójko?owy Ró?owo-Fioletowy,101.91
29,8718475925798,Samochód dla dzieci Je?dzik Niebiesko-Czerwony,71.48
30,8718475925804,Samochód dla dzieci Je?dzik Ró?owo-Fioletowy,77.98
31,8718475925811,Czerwony samochód-je?dzik retro z dr??kiem do pchania,90.47
32,8718475925828,Szary samochód je?dzik retro z dr??kiem do pchania,102.86
33,8718475925835,Krzese?ko do karmienia 3w1 Niebiesko-Zielone,228.77
34,8718475925842,Krzese?ko do karmienia 3w1 Ró?owe,267.61
35,8718475931362,Land Rover 348 Samochód dla dzieci z muzyk? kolor czerwony,153.21
36,8718475931379,"Land Rover 348 Samochód dla dzieci z muzyk?, kolor bia?y",153.21
37,8718475931386,BMW 283 Elektryczny motor dla dzieci Czerwony 6 V,499.19
38,8718475931393,BMW 283 Elektryczny motor dla dzieci Bia?y 6 V,499.19
39,8718475931409,Audi TT RS Samochód dla dzieci z pilotem Czerwony,530.87
40,8718475931416,Audi TT RS Samochód dla dzieci z pilotem Bia?y,521.04
41,8718475932017,Samochód elektryczny dla dzieci ?ó?te Lamborghini Murcielago LGO LP,543.27
42,8718475932024,Samochód elektryczny dla dzieci czarne Lamborghini Murcielago LGO LP,851.10
43,8718475932031,Samochód dla dzieci ?ó?te Lamborghini Aventador LP700,159.49
44,8718475932048,Samochód dla dzieci Czerwony Mercedes Benz SLS AMG,142.52
45,8718475932055,10092 Samochodzik dla dzieci czerwone Maserati Gran Cabrio,134.82
46,8718475931300,Samochód elektryczny dla dzieci Czerwony Mercedes Benz ML350 + pilot,393.11
47,8718475931317,Samochód elektryczny Bia?y Mercedes Benz ML350 6 V z pilotem,393.11
48,8718475931324,Samochód elektryczny dla dzieci Czerwony Mercedes Benz 300SL + pilot,493.46
49,8718475931331,Samochód elektryczny dla dzieci Czarny Mercedes Benz 300SL  6V + pilot,393.21
50,8718475931348,Samochód elektryczny dla dzieci Czerwony Mercedes Benz SLS 6V + pilot,389.66
51,8718475931355,Samochód elektryczny dla dzieci Czarny Mercedes Benz SLS 6 V z pilotem,388.02
52,8718475948797,Barierka ochronna do ?ó?eczka 102 x 42 cm zielona,53.92
53,8718475948803,Barierka ochronna do ?ó?eczka 150 x 42 cm zielona,59.41
54,8718475948810,Barierka ochronna do ?ó?eczka 102 x 42 cm ró?owa,52.28
55,8718475948827,Barierka ochronna do ?ó?eczka 150 x 42 cm ró?owa,59.69
56,8718475948834,Barierka ochronna do ?ó?eczka 102 x 42 cm niebieska,52.28
57,8718475948841,Barierka ochronna do ?ó?eczka 150 x 42 cm niebieska,59.41
58,8718475971993,vidaXL Wózek spacerowy 2w1 (gondola i spacerówka) czerwony i czarny,368.45
59,8718475972006,vidaXL Wózek spacerowy 2w1 (gondola i spacerówka) niebieski i czarny,368.45
60,8718475972013,vidaXL Wózek spacerowy 2w1 (gondola i spacerówka) szary i czarny,379.18
61,8718475972020,vidaXL Wózek spacerowy dla bli?niaków czerwony i czarny,310.38
62,8718475972037,vidaXL Wózek spacerowy dla bli?niaków niebieski i czarny,310.38
63,8718475972044,vidaXL Wózek spacerowy dla bli?niaków szary i czarny,319.93
64,8718475972051,"vidaXL Wózek spacerowy dla bli?ni?t, tandem czerwono-czarny ",318.07
65,8718475972068,"vidaXL Wózek spacerowy dla bli?ni?t, tandem niebiesko-czarny ",317.91
66,8718475972075,"vidaXL Wózek spacerowy dla bli?ni?t, tandem szaro-czarny ",323.93
67,8718475975922,"vidaXL Wózek 3-w-1, aluminium, czerwono-czarny",555.06
68,8718475975939,"vidaXL Wózek 3-w-1, aluminium, niebiesko-czarny",572.14
69,8718475975946,"vidaXL Wózek 3-w-1, aluminium, szaro-czarny",555.06
70,8718475500001,"vidaXL Elektryczny samochód dla dzieci, Audi Q7, czerwony,  6 V ",597.75
71,8718475500018,"vidaXL Elektryczny samochód dla dzieci, czarne Audi Q7, 6 V",597.75
72,8718475500025,"vidaXL Elektryczny samochód dla dzieci, bia?e Audi Q7, 6 V",597.75
73,8718475500032,"vidaXL Samochód elektryczny dla dzieci, czerwony Mercedes Benz AMG S63",647.55
74,8718475500049,"vidaXL Samochód elektryczny dla dzieci, czarny Mercedes Benz AMG S63",682.24
75,8718475500056,"vidaXL Samochód elektryczny dla dzieci, bia?y Mercedes Benz AMG S63",670.27
76,8718475500063,"vidaXL ?piworek do wózka spacerowego, 90 x 45 cm, czarny",84.90
77,8718475500070,"vidaXL ?piworek do wózka spacerowego, 90 x4 5 cm, szary",76.11
78,8718475500087,"vidaXL ?piworek do wózka spacerowego, 90 x 45 cm, granatowy",68.96
79,8718475500094,"vidaXL ?piworek do noside?ka lub fotelika samochodowego, czarny",54.62
80,8718475500100,"vidaXL ?piworek do noside?ka lub fotelika do samochodu, szary",57.50
81,8718475500117,"vidaXL ?piworek do noside?ka lub fotelika do samochodu, granatowy",66.90
82,8718475500124,"vidaXL Pokrowiec na noside?ko/fotelik, 57x43 cm, czarny",53.19
83,8718475500131,"vidaXL Pokrowiec na noside?ko/fotelik, 57x43 cm, szary",52.34
84,8718475500148,"vidaXL Pokrowiec na noside?ko lub fotelik 57x43 cm, granatowy",50.70
85,8718475500155,"vidaXL Mufka na d?onie do wózka 55x25 cm, czarna",42.66
86,8718475500162,"vidaXL Mufka na d?onie do wózka, 55x25 cm, szara",44.19
87,8718475500179,"vidaXL Mufka na d?onie do wózka 55x25 cm, granatowa",41.93
88,8718475500186,"vidaXL Czerwony, kompaktowy wózek spacerowy, 89x47,5x104 cm",222.91
89,8718475500193,"vidaXL Niebieski, kompaktowy wózek spacerowy, 89x47,5x104 cm",237.93
90,8718475500209,"vidaXL Szary, kompaktowy wózek spacerowy, 89x47,5x104 cm",207.22
91,8718475500216,"vidaXL Czerwony wózek spacerowy, 102x52x100 cm ",219.63
92,8718475500223,"vidaXL Niebieski wózek spacerowy, 102x52x100 cm ",219.63
93,8718475500230,"vidaXL Szary wózek spacerowy, 102x52x100 cm ",219.63
94,8718475577010,"vidaXL Quad dla dzieci, ze ?wiat?em i d?wi?kiem, ró?owo-fioletowy",132.16
95,8718475577027,"vidaXL Krzese?ko do karmienia 3w1 ze stolikiem, niebieski i zielony",215.78
96,8718475577034,vidaXL Wysokie krzese?ko 3 w 1 z ró?owym sto?em,215.78
97,8718475592686,"vidaXL Pchacz dla dzieci - samochód Mercedes Benz GLE63, czerwony",186.15
98,8718475592693,"vidaXL Samochód je?dzik i pchacz Mercedes Benz GLE63, bia?y",241.60
99,8718475592709,"vidaXL Samochód je?dzik i pchacz Mercedes Benz GLE63, niebieski",180.24
100,8718475800040,"vidaXL Luksusowy fotel biurowy, czarny",304.07
